codigo_escola,nome_escola,dependencia_administrativa,localizacao,municipio,uf
43000479,E E IND ENS FUN TUPE PAN,Estadual,1,Porto Alegre,RS
43001254,E E IND ENS FUN PINDO POTY,Estadual,1,Porto Alegre,RS
43005047,E E IND ENS FUN KA AGUY MIRI,Estadual,1,Porto Alegre,RS
43048200,EMEF PORTO NOVO,Municipal,1,Porto Alegre,RS
43104932,COLEGIO DE APLICACAO UFRGS,Federal,1,Porto Alegre,RS
43105009,COLEGIO MILITAR DE PORTO ALEGRE,Federal,1,Porto Alegre,RS
43105246,EMEM EMILIO MEYER,Municipal,1,Porto Alegre,RS
43105386,INST ESTADUAL PROFESSORA GEMA ANGELINA BELIA,Estadual,1,Porto Alegre,RS
43105394,ESC EST ENS FUN NACOES UNIDAS,Estadual,1,Porto Alegre,RS
43105440,EMEF AFONSO GUERREIRO LIMA,Municipal,1,Porto Alegre,RS
43105459,EMEF AMERICA,Municipal,1,Porto Alegre,RS
43105467,EMEF ARAMY SILVA,Municipal,1,Porto Alegre,RS
43105475,EMEF DECIO MARTINS COSTA,Municipal,1,Porto Alegre,RS
43105483,EMEF DOLORES ALCARAZ CALDAS,Municipal,1,Porto Alegre,RS
43105491,EMEF JOSE LOUREIRO DA SILVA,Municipal,1,Porto Alegre,RS
43105505,EMEB DR LIBERATO SALZANO VIEIRA DA CUNHA,Municipal,1,Porto Alegre,RS
43105513,EMEF NOSSA SENHORA DE FATIMA,Municipal,1,Porto Alegre,RS
43105521,EMEF PEPITA DE LEAO,Municipal,1,Porto Alegre,RS
43105530,EMEF PRESIDENTE VARGAS,Municipal,1,Porto Alegre,RS
43105548,EMEF HEITOR VILLA LOBOS,Municipal,1,Porto Alegre,RS
43105564,ESC EST ENS FUN PROFESSORA LUIZA TEIXEIRA LAUFFER,Estadual,1,Porto Alegre,RS
43105580,INST ESTADUAL DOM DIOGO DE SOUZA,Estadual,1,Porto Alegre,RS
43105742,ESC EST ENS FUN PROFESSORA MARINA MARTINS DE SOUZA,Estadual,1,Porto Alegre,RS
43105750,ESC EST ENS FUN ACORIANOS,Estadual,1,Porto Alegre,RS
43105769,ESC EST ENS MED AGRONOMO PEDRO PEREIRA,Estadual,1,Porto Alegre,RS
43105785,ESC EST ENS MED ALBERTO TORRES,Estadual,1,Porto Alegre,RS
43105793,ESC EST ENS FUN ALCEU WAMOSY,Estadual,1,Porto Alegre,RS
43105807,ESC EST ED BAS ALMIRANTE BACELAR,Estadual,1,Porto Alegre,RS
43105815,ESC EST ENS MED ALMIRANTE BARROSO,Estadual,1,Porto Alegre,RS
43105823,ESC EST ENS FUN ALVARENGA PEIXOTO,Estadual,1,Porto Alegre,RS
43105831,ESC EST ENS FUN AMERICA,Estadual,1,Porto Alegre,RS
43105840,ESC EST ENS FUN ANA NERI,Estadual,1,Porto Alegre,RS
43105858,ESC EST ENS MED ANNE FRANK,Estadual,1,Porto Alegre,RS
43105866,ESC EST ENS MED ANTAO DE FARIA,Estadual,1,Porto Alegre,RS
43105874,ESC EST ED BAS APELES PORTO ALEGRE,Estadual,1,Porto Alegre,RS
43105882,ESC EST ENS FUN ARAGUAIA,Estadual,1,Porto Alegre,RS
43105890,ESC EST ENS FUN ARAUJO PORTO ALEGRE,Estadual,1,Porto Alegre,RS
43105904,ESC EST ENS FUN ARAUJO VIANA,Estadual,1,Porto Alegre,RS
43105920,ESC EST ENS FUN BAEPENDI,Estadual,1,Porto Alegre,RS
43105939,ESC EST ENS FUN BAHIA,Estadual,1,Porto Alegre,RS
43105947,ESC EST ENS FUN PADRE BALDUINO RAMBO,Estadual,1,Porto Alegre,RS
43105963,ESC EST ENS FUN MARGARIDA COELHO DE SOUZA,Estadual,1,Porto Alegre,RS
43105971,ESC EST ENS FUN PROFESSORA BRANCA DIVA PEREIRA DE SOUZA,Estadual,1,Porto Alegre,RS
43105980,ESC EST ENS FUN BRASILIA,Estadual,1,Porto Alegre,RS
43105998,ESC EST ENS FUN BRIGADEIRO FRANCISCO DE LIMA E SILVA,Estadual,1,Porto Alegre,RS
43106005,ESC EST ENS FUN BRIGADEIRO SILVA PAIS,Estadual,1,Porto Alegre,RS
43106013,ESC EST ENS FUN CAMILA FURTADO ALVES,Estadual,1,Porto Alegre,RS
43106021,ESC EST ENS FUN CANDIDO PORTINARI,Estadual,1,Porto Alegre,RS
43106030,ESC EST ENS FUN DR CARLOS BARBOSA GONCALVES,Estadual,1,Porto Alegre,RS
43106048,COL ESTADUAL CARLOS FAGUNDES DE MELLO,Estadual,1,Porto Alegre,RS
43106056,ESC EST ENS MED CEARA,Estadual,1,Porto Alegre,RS
43106072,ESC EST ENS FUN PRUDENTE DE MORAIS,Estadual,1,Porto Alegre,RS
43106080,ESC EST ENS FUN CLOTILDE CACHAPUZ DE MEDEIROS,Estadual,1,Porto Alegre,RS
43106099,ESC EST ENS FUN COELHO NETO,Estadual,1,Porto Alegre,RS
43106102,ESC EST ENS FUN CORONEL TITO MARQUES FERNANDES,Estadual,1,Porto Alegre,RS
43106110,ESC EST ENS FUN GENERAL NETO,Estadual,1,Porto Alegre,RS
43106129,ESC EST ENS FUN CUSTODIO DE MELLO,Estadual,1,Porto Alegre,RS
43106137,ESC EST ENS FUN DOM PEDRO I,Estadual,1,Porto Alegre,RS
43106145,ESC EST ENS FUN ALMIRANTE ALVARO ALBERTO DA MOTTA E SILVA,Estadual,1,Porto Alegre,RS
43106153,ESC EST ENS FUN DESIDERIO TORQUATO FINAMOR,Estadual,1,Porto Alegre,RS
43106161,ESC EST ED BAS DOLORES ALCARAZ CALDAS,Estadual,1,Porto Alegre,RS
43106170,ESC EST ENS FUN IMPERATRIZ LEOPOLDINA,Estadual,1,Porto Alegre,RS
43106188,ESC EST ENS FUN DONA LUIZA FREITAS VALE ARANHA,Estadual,1,Porto Alegre,RS
43106196,ESC EST ENS MED RAFAELA REMIAO,Estadual,1,Porto Alegre,RS
43106200,ESC EST ENS FUN DR EMILIO KEMP,Estadual,1,Porto Alegre,RS
43106218,ESC EST ENS FUN DR FERREIRA DE ABREU,Estadual,1,Porto Alegre,RS
43106226,ESC EST ENS FUN DR JOAO BATISTA DE LACERDA,Estadual,1,Porto Alegre,RS
43106234,ESC EST ENS FUN DR JOSE CARLOS FERREIRA,Estadual,1,Porto Alegre,RS
43106242,ESC EST ENS FUN DR JOSE LOUREIRO DA SILVA,Estadual,1,Porto Alegre,RS
43106250,ESC EST ENS FUN DR MARTINS COSTA JUNIOR,Estadual,1,Porto Alegre,RS
43106277,ESC EST ENS MED DR OSCAR TOLLENS,Estadual,1,Porto Alegre,RS
43106293,ESC EST ENS FUN DR PACHECO PRATES,Estadual,1,Porto Alegre,RS
43106307,ESC EST ENS FUN DR VICTOR DE BRITTO,Estadual,1,Porto Alegre,RS
43106315,ESC EST ENS FUN DUQUE DE CAXIAS,Estadual,1,Porto Alegre,RS
43106323,ESC EST ENS FUN ENG RODOLFO AHRONS,Estadual,1,Porto Alegre,RS
43106331,ESC EST ENS FUN ESPIRITO SANTO,Estadual,1,Porto Alegre,RS
43106340,ESC EST ENS FUN ESTADO DO RIO GRANDE DO SUL,Estadual,1,Porto Alegre,RS
43106358,ESC EST ENS FUN EUCLIDES DA CUNHA,Estadual,1,Porto Alegre,RS
43106366,ESC EST ENS FUN EVA CARMINATTI,Estadual,1,Porto Alegre,RS
43106374,ESC EST ENS FUN EVARISTA FLORES DA CUNHA,Estadual,1,Porto Alegre,RS
43106382,ESC EST ENS FUN EVARISTO GONCALVES NETTO,Estadual,1,Porto Alegre,RS
43106390,ESC EST ENS FUN FABIOLA PINTO DORNELLES,Estadual,1,Porto Alegre,RS
43106404,ESC EST ENS FUN FELIPE DE OLIVEIRA,Estadual,1,Porto Alegre,RS
43106412,ESC EST ENS FUN FERNANDO FERRARI,Estadual,1,Porto Alegre,RS
43106420,ESC EST ED BAS FERNANDO GOMES,Estadual,1,Porto Alegre,RS
43106439,ESC EST ENS MED OSCAR COELHO DE SOUZA,Estadual,1,Porto Alegre,RS
43106447,ESC EST ENS FUN GABRIELA MISTRAL,Estadual,1,Porto Alegre,RS
43106455,ESC EST ENS FUN GEN IBA ILHA MOREIRA,Estadual,1,Porto Alegre,RS
43106463,ESC EST ENS FUN GENERAL DALTRO FILHO,Estadual,1,Porto Alegre,RS
43106480,ESC EST ENS MED PROFESSOR OSCAR PEREIRA,Estadual,1,Porto Alegre,RS
43106498,ESC EST ED BAS GOMES CARNEIRO,Estadual,1,Porto Alegre,RS
43106501,ESC EST ENS FUN GONCALVES DIAS,Estadual,1,Porto Alegre,RS
43106528,ESC EST ENS FUN DR GUSTAVO ARMBRUST,Estadual,1,Porto Alegre,RS
43106536,ESC EST ENS FUN HEITOR VILLA LOBOS,Estadual,1,Porto Alegre,RS
43106544,ESC EST ENS FUN HENRIQUE FARJAT,Estadual,1,Porto Alegre,RS
43106552,ESC EST ENS FUN HUMAITA,Estadual,1,Porto Alegre,RS
43106560,ESC EST ENS FUN ILDEFONSO GOMES,Estadual,1,Porto Alegre,RS
43106587,ESC EST ENS MED ITALIA,Estadual,1,Porto Alegre,RS
43106595,COL ESTADUAL JAPAO,Estadual,1,Porto Alegre,RS
43106609,ESC EST ENS FUN ERICO VERISSIMO,Estadual,1,Porto Alegre,RS
43106617,ESC EST ENS FUN JERONIMO DE ALBUQUERQUE,Estadual,1,Porto Alegre,RS
43106625,ESC EST ENS FUN JERONIMO DE ORNELAS,Estadual,1,Porto Alegre,RS
43106641,ESC EST ENS FUN PROF EDGAR LUIZ SCHNEIDER,Estadual,1,Porto Alegre,RS
43106650,ESC EST ENS FUN DR HEROPHILO CARVALHO DE AZAMBUJA,Estadual,1,Porto Alegre,RS
43106668,ESC EST ENS FUN PROFESSORA LEOPOLDA BARNEWITZ,Estadual,1,Porto Alegre,RS
43106676,ESC EST ENS FUN PROFESSOR LEOPOLDO TIETBOHL,Estadual,1,Porto Alegre,RS
43106684,ESC EST ENS FUN LUCIANA DE ABREU,Estadual,1,Porto Alegre,RS
43106692,ESC EST ENS FUN LUIZ GAMA,Estadual,1,Porto Alegre,RS
43106706,ESC EST ENS FUN MACHADO DE ASSIS,Estadual,1,Porto Alegre,RS
43106714,ESC EST ENS FUN MADRE MARIA SELIMA,Estadual,1,Porto Alegre,RS
43106722,ESC EST ENS FUN MAJOR MIGUEL JOSE PEREIRA,Estadual,1,Porto Alegre,RS
43106749,ESC EST ENS FUN MARIA ALTINA DE ARAUJO,Estadual,1,Porto Alegre,RS
43106757,ESC EST ENS FUN MARIA JOSE MABILDE,Estadual,1,Porto Alegre,RS
43106765,ESC EST ENS MED MARIZ E BARROS,Estadual,1,Porto Alegre,RS
43106773,ESC EST ENS FUN MATIAS DE ALBUQUERQUE,Estadual,1,Porto Alegre,RS
43106781,ESC EST ENS FUN MEDIANEIRA,Estadual,1,Porto Alegre,RS
43106790,ESC EST ED BAS MONSENHOR LEOPOLDO HOFF,Estadual,1,Porto Alegre,RS
43106803,ESC EST ENS FUN MONSENHOR ROBERTO LANDELL DE MOURA,Estadual,1,Porto Alegre,RS
43106811,ESC EST ENS FUN MONTE LIBANO,Estadual,1,Porto Alegre,RS
43106820,ESC EST ENS FUN NOSSA SENHORA DA CONCEICAO,Estadual,1,Porto Alegre,RS
43106838,ESC EST ENS FUN PROFESSORA MARIA THEREZA DA SILVEIRA,Estadual,1,Porto Alegre,RS
43106846,ESC EST ENS FUN NEHYTA MARTINS RAMOS,Estadual,1,Porto Alegre,RS
43106854,ESC EST ENS FUN PROFESSORA AURORA PEIXOTO DE AZEVEDO,Estadual,1,Porto Alegre,RS
43106862,ESC EST ENS FUN OLEGARIO MARIANO,Estadual,1,Porto Alegre,RS
43106870,ESC EST ENS FUN OSCAR SCHMITT,Estadual,1,Porto Alegre,RS
43106889,ESC EST ENS FUN OSORIO DUQUE ESTRADA,Estadual,1,Porto Alegre,RS
43106897,ESC EST ENS FUN OTAVIO MANGABEIRA,Estadual,1,Porto Alegre,RS
43106900,ESC EST ENS FUN OTHELO ROSA,Estadual,1,Porto Alegre,RS
43106919,ESC EST ENS FUN PADRE LEO,Estadual,1,Porto Alegre,RS
43106927,ESC EST ENS FUN MARIA CRISTINA CHIKA,Estadual,1,Porto Alegre,RS
43106935,ESC EST ENS FUN PARAIBA CIEP,Estadual,1,Porto Alegre,RS
43106943,COL ESTADUAL PARANA,Estadual,1,Porto Alegre,RS
43106951,ESC EST ENS FUN VICENTE DA FONTOURA,Estadual,1,Porto Alegre,RS
43106960,ESC EST ENS FUN PAULINA MORESCO,Estadual,1,Porto Alegre,RS
43106978,ESC EST ENS FUN PADRE THEODORO AMSTAD,Estadual,1,Porto Alegre,RS
43106986,ESC EST ENS FUN PEDRO AMERICO,Estadual,1,Porto Alegre,RS
43106994,ESC EST ENS FUN PEDRO SIRANGELO,Estadual,1,Porto Alegre,RS
43107001,ESC EST ENS FUN PIAUI,Estadual,1,Porto Alegre,RS
43107036,ESC EST ENS FUN PORTO ALEGRE,Estadual,1,Porto Alegre,RS
43107044,ESC EST ENS FUN SIMOES LOPES NETO,Estadual,1,Porto Alegre,RS
43107052,ESC EST ENS FUN GENOVEVA DA COSTA BERNARDES,Estadual,1,Porto Alegre,RS
43107060,ESC EST ENS FUN PROFESSOR AFONSO GUERREIRO LIMA,Estadual,1,Porto Alegre,RS
43107079,ESC EST ENS MED PROFESSOR ALCIDES CUNHA,Estadual,1,Porto Alegre,RS
43107087,ESC EST ENS FUN AURELIO REIS,Estadual,1,Porto Alegre,RS
43107095,ESC EST ENS FUN PROF CARLOS RODRIGUES DA SILVA,Estadual,1,Porto Alegre,RS
43107117,ESC EST ENS FUN PROFESSOR IVO CORSEUIL,Estadual,1,Porto Alegre,RS
43107125,ESC EST ENS MED PROFESSOR SARMENTO LEITE,Estadual,1,Porto Alegre,RS
43107133,ESC EST ENS FUN PROFESSORA VIOLETA MAGALHAES,Estadual,1,Porto Alegre,RS
43107141,ESC EST ENS FUN PROFESSORES LANGENDONCK,Estadual,1,Porto Alegre,RS
43107150,ESC EST ENS FUN RAFAEL PINTO BANDEIRA,Estadual,1,Porto Alegre,RS
43107168,ESC EST ENS FUN RIO DE JANEIRO,Estadual,1,Porto Alegre,RS
43107192,ESC EST ENS FUN WILLIAM RICHARD SCHISLER,Estadual,1,Porto Alegre,RS
43107206,ESC EST ENS FUN SANTA RITA DE CASSIA,Estadual,1,Porto Alegre,RS
43107214,ESC EST ENS MED SANTA ROSA,Estadual,1,Porto Alegre,RS
43107222,ESC EST ENS FUN SAO CAETANO,Estadual,1,Porto Alegre,RS
43107230,ESC EST ENS FUN SOLIMOES,Estadual,1,Porto Alegre,RS
43107257,ESC EST ENS FUN TENENTE CORONEL TRAVASSOS ALVES,Estadual,1,Porto Alegre,RS
43107265,ESC EST ENS FUN URUGUAI,Estadual,1,Porto Alegre,RS
43107273,ESC EST ENS FUN VENEZUELA,Estadual,1,Porto Alegre,RS
43107281,ESC EST ENS FUN VERA CRUZ,Estadual,1,Porto Alegre,RS
43107290,ESC EST ENS FUN ALDO LOCATELLI,Estadual,1,Porto Alegre,RS
43107303,ESC EST ENS FUN DANILO ANTONIO ZAFFARI,Estadual,1,Porto Alegre,RS
43107311,ESC EST ENS FUN ITAMARATI,Estadual,1,Porto Alegre,RS
43107320,ESC EST ENS MED JOSE DO PATROCINIO,Estadual,1,Porto Alegre,RS
43107338,ESC EST ENS FUN SANTA LUZIA,Estadual,1,Porto Alegre,RS
43107346,ESC EST ENS FUN VISCONDE DE PELOTAS,Estadual,1,Porto Alegre,RS
43107354,ESC EST ENS MED VISCONDE DO RIO GRANDE,Estadual,1,Porto Alegre,RS
43107478,ESC EST ENS FUN DECIO MARTINS COSTA,Estadual,1,Porto Alegre,RS
43107486,ESC EST ENS FUN SAO FRANCISCO DE ASSIS,Estadual,1,Porto Alegre,RS
43107508,EMEF GOV ILDO MENEGHETTI,Municipal,1,Porto Alegre,RS
43107583,INST EST EDUC GENERAL FLORES DA CUNHA,Estadual,1,Porto Alegre,RS
43107826,ESC EST ENS FUN OSWALDO VERGARA,Estadual,1,Porto Alegre,RS
43107842,EMEF SEN ALBERTO PASQUALINI,Municipal,1,Porto Alegre,RS
43107850,ESC EST ENS MED SENADOR PASQUALINI,Estadual,1,Porto Alegre,RS
43107885,ESC EST ENS FUN TRES DE OUTUBRO,Estadual,1,Porto Alegre,RS
43107923,ESC EST ENS FUN CORONEL APARICIO BORGES,Estadual,1,Porto Alegre,RS
43107931,ESC EST ENS FUN SOUZA LOBO,Estadual,1,Porto Alegre,RS
43107966,ESC EST ENS FUN PROFESSOR SYLVIO TORRES,Estadual,1,Porto Alegre,RS
43107982,C EST DE EN MED RAUL PILLA,Estadual,1,Porto Alegre,RS
43107990,ESC EST ENS MED REPUBLICA ARGENTINA,Estadual,1,Porto Alegre,RS
43108016,COL ESTADUAL MARECHAL FLORIANO PEIXOTO,Estadual,1,Porto Alegre,RS
43108032,COL ESTADUAL PRESIDENTE ARTHUR DA COSTA E SILVA,Estadual,1,Porto Alegre,RS
43108040,INST ESTADUAL RIO BRANCO,Estadual,1,Porto Alegre,RS
43108059,ESC EST ENS MED SANTOS DUMONT,Estadual,1,Porto Alegre,RS
43108067,INST EST EDUC PAULO DA GAMA,Estadual,1,Porto Alegre,RS
43108083,COL ESTADUAL ODILA GAY DA FONSECA,Estadual,1,Porto Alegre,RS
43108091,COL ESTADUAL DR GLICERIO ALVES,Estadual,1,Porto Alegre,RS
43108113,COL ESTADUAL FLORINDA TUBINO SAMPAIO,Estadual,1,Porto Alegre,RS
43108172,ESC EST ENS FUN PROFESSOR OLINTHO DE OLIVEIRA,Estadual,1,Porto Alegre,RS
43108180,COL ESTADUAL RUBEN BERTA,Estadual,1,Porto Alegre,RS
43108202,COL ESTADUAL FRANCISCO A VIEIRA CALDAS JR,Estadual,1,Porto Alegre,RS
43108210,ESC EST ENS FUN LEA ROSA CECHINI BRUM,Estadual,1,Porto Alegre,RS
43108229,ESC EST ENS FUN CIDADE JARDIM,Estadual,1,Porto Alegre,RS
43108237,COL ESTADUAL PAULA SOARES,Estadual,1,Porto Alegre,RS
43108245,ESC EST ENS FUN LIONS CLUB POA FARRAPOS,Estadual,1,Porto Alegre,RS
43108300,ESC EST ENS FUN HELENA LITWIN SCHNEIDER,Estadual,1,Porto Alegre,RS
43108318,ESC EST ENS MED BALTAZAR DE OLIVEIRA GARCIA,Estadual,1,Porto Alegre,RS
43108326,ESC EST ENS FUN LIDIA MOSCHETTI,Estadual,1,Porto Alegre,RS
43108334,ESC EST ENS FUN TOYAMA,Estadual,1,Porto Alegre,RS
43108342,ESC EST ENS FUN MINISTRO POTY MEDEIROS,Estadual,1,Porto Alegre,RS
43108350,ESC EST ENS FUN PONCHO VERDE,Estadual,1,Porto Alegre,RS
43108385,ESC EST ENS FUN PROFESSORA MARIETA DA CUNHA SILVA,Estadual,1,Porto Alegre,RS
43108393,ESC EST ENS FUN BRIGADEIRO EDUARDO GOMES,Estadual,1,Porto Alegre,RS
43108474,ESC EST ENS FUN VINTE DE SETEMBRO,Estadual,1,Porto Alegre,RS
43108482,COL ESTADUAL PROFESSOR OTAVIO DE SOUZA,Estadual,1,Porto Alegre,RS
43108490,ESC EST ENS FUN BENTO GONCALVES,Estadual,1,Porto Alegre,RS
43108547,ESC EST ENS FUN DAVID CANABARRO,Estadual,1,Porto Alegre,RS
43108563,EMEF PRES JOAO BELCHIOR MARQUES GOULART,Municipal,1,Porto Alegre,RS
43108571,EMEF GRANDE ORIENTE DO RGS,Municipal,1,Porto Alegre,RS
43108709,COL ESTADUAL ELPIDIO FERREIRA PAES,Estadual,1,Porto Alegre,RS
43108717,COL ESTADUAL CONEGO PAULO DE NADAL,Estadual,1,Porto Alegre,RS
43108725,ESC EST ENS FUN ONOFRE PIRES,Estadual,1,Porto Alegre,RS
43108733,COL ESTADUAL CORONEL AFONSO EMILIO MASSOT,Estadual,1,Porto Alegre,RS
43108741,COL ESTADUAL GENERAL ALVARO ALVES DA SILVA BRAGA,Estadual,1,Porto Alegre,RS
43108750,ESC EST ENS MED OTAVIO ROCHA,Estadual,1,Porto Alegre,RS
43108768,ESC EST ED BAS PRESIDENTE ROOSEVELT,Estadual,1,Porto Alegre,RS
43108784,ESC EST ENS FUN PAUL HARRIS,Estadual,1,Porto Alegre,RS
43108792,ESC EST ENS FUN PROFESSORA THEREZA NORONHA CARVALHO,Estadual,1,Porto Alegre,RS
43108806,ESC EST ENS FUN TANCREDO NEVES,Estadual,1,Porto Alegre,RS
43108830,ESC EST ENS FUN ANITA GARIBALDI,Estadual,1,Porto Alegre,RS
43108911,COL ESTADUAL ENG ILDO MENEGHETTI,Estadual,1,Porto Alegre,RS
43108954,ESC EST ENS FUN LUIZ DE AZAMBUJA SOARES,Estadual,1,Porto Alegre,RS
43108970,ESC EST ENS FUN MAURICIO SIROTSKY SOBRINHO,Estadual,1,Porto Alegre,RS
43109055,EMEF PROF JUDITH MACEDO DE ARAUJO,Municipal,1,Porto Alegre,RS
43109063,EMEF LEOCADIA FELIZARDO PRESTES,Municipal,1,Porto Alegre,RS
43109071,EMEF PROF GILBERTO JORGE GONCALVES DA SILVA,Municipal,1,Porto Alegre,RS
43109080,EMEF VER CARLOS PESSOA DE BRUM,Municipal,1,Porto Alegre,RS
43109098,EMEF PROF LARRY JOSE RIBEIRO ALVES,Municipal,1,Porto Alegre,RS
43109101,EMEF VER MARTIM ARANHA,Municipal,1,Porto Alegre,RS
43109110,ESC EST ENS FUN VILA CRUZEIRO DO SUL,Estadual,1,Porto Alegre,RS
43109128,EMEF DEP MARCIRIO GOULART LOUREIRO,Municipal,1,Porto Alegre,RS
43109144,EMEF LIDOVINO FANTON,Municipal,1,Porto Alegre,RS
43109179,ESC EST ENS FUN JOSE GARIBALDI,Estadual,1,Porto Alegre,RS
43109195,EMEF PROF ANA IRIS DO AMARAL,Municipal,1,Porto Alegre,RS
43109209,EMEF LAURO RODRIGUES,Municipal,1,Porto Alegre,RS
43109217,EMEF JOAO ANTONIO SATTE,Municipal,1,Porto Alegre,RS
43109225,EMEF DEP VICTOR ISSLER,Municipal,1,Porto Alegre,RS
43109233,EMEF GABRIEL OBINO,Municipal,1,Porto Alegre,RS
43109241,ESC EST ENS FUN NA VILA JARDIM RENASCENCA,Estadual,1,Porto Alegre,RS
43109250,ESC EST ENS FUN JARDIM VILA NOVA,Estadual,1,Porto Alegre,RS
43109268,ESC EST ENS FUN MINISTRO SALGADO FILHO,Estadual,1,Porto Alegre,RS
43109357,ESC EST ENS FUN AYRTON SENNA DA SILVA,Estadual,1,Porto Alegre,RS
43167179,EMEF SAINT HILAIRE,Municipal,1,Porto Alegre,RS
43167535,EMEF SAO PEDRO,Municipal,1,Porto Alegre,RS
43169490,EMEF JOSE MARIANO BECK,Municipal,1,Porto Alegre,RS
43171290,ESC EST ENS FUN JULIO BRUNELLI,Estadual,1,Porto Alegre,RS
43172474,EMEF JEAN PIAGET,Municipal,1,Porto Alegre,RS
43172482,EMEF VER ANTONIO GIUDICE,Municipal,1,Porto Alegre,RS
43172490,EMEF PROF ANISIO TEIXEIRA,Municipal,1,Porto Alegre,RS
43173195,ESC EST ENS FUN MANE GARRINCHA CIEP ESPORTIVO,Estadual,1,Porto Alegre,RS
43173306,ESC EST ENS MED CRISTOVAO COLOMBO,Estadual,1,Porto Alegre,RS
43173713,EMEF CAMPOS DO CRISTAL,Municipal,1,Porto Alegre,RS
43173721,EMEF WENCESLAU FONTOURA,Municipal,1,Porto Alegre,RS
43174329,ESC EST ESPEC RECANTO DA ALEGRIA,Estadual,1,Porto Alegre,RS
43174337,ESC EST ESPEC CRISTO REDENTOR,Estadual,1,Porto Alegre,RS
43174345,ESC EST ESPEC RENASCENCA,Estadual,1,Porto Alegre,RS
43175120,EMEF VILA MONTE CRISTO,Municipal,1,Porto Alegre,RS
43177018,EMEF MIGRANTES,Municipal,1,Porto Alegre,RS
43177034,EMEF MORRO DA CRUZ,Municipal,1,Porto Alegre,RS
43177042,EMEF NEUSA GOULART BRIZOLA,Municipal,1,Porto Alegre,RS
43177581,EMEF CHICO MENDES,Municipal,1,Porto Alegre,RS
43178995,EMEEF PROF LYGIA MORRONE AVERBUCK,Municipal,1,Porto Alegre,RS
43179002,EMEEF PROF ELYSEU PAGLIOLI,Municipal,1,Porto Alegre,RS
43179010,EMEEF PROF LUIZ FRANCISCO LUCENA BORGES,Municipal,1,Porto Alegre,RS
43179029,EMEEF TRISTAO SUCUPIRA VIANNA,Municipal,1,Porto Alegre,RS
43180523,ESC EST ENS MED PARA SURDOS PROF LILIA MAZERON,Estadual,1,Porto Alegre,RS
43180728,ESC EST ENS MED TOM JOBIM,Estadual,1,Porto Alegre,RS
43183018,EMEF MARIO QUINTANA,Municipal,1,Porto Alegre,RS
43187560,EMEF CHAPEU DO SOL,Municipal,1,Porto Alegre,RS
43189253,EMEF TIMBAUVA,Municipal,1,Porto Alegre,RS
43204643,EMEF NOSSA SENHORA DO CARMO,Municipal,1,Porto Alegre,RS
43208410,ESC EST IND EM ANHETENGUA,Estadual,1,Porto Alegre,RS
43208428,E E IND ENS FUN FAG NHIN,Estadual,1,Porto Alegre,RS
43241000,EMEF DE SURDOS BILINGUE SALOMAO WATNICK,Municipal,1,Porto Alegre,RS
43293050,EMEF RINCAO,Municipal,1,Porto Alegre,RS
43293069,EMEF MORADAS DA HIPICA,Municipal,1,Porto Alegre,RS
