ano,codigo_escola,nome_escola,dependencia_administrativa,taxa_aprovacao_real,taxa_aprovacao_prevista,erro_absoluto_pp
2023,43000479,E E IND ENS FUN TUPE PAN,Estadual,70.6,79.42470634240921,8.824706342409215
2023,43001254,E E IND ENS FUN PINDO POTY,Estadual,62.5,79.42470634240921,16.92470634240921
2023,43005047,E E IND ENS FUN KA AGUY MIRI,Estadual,57.1,79.43462300907586,22.334623009075862
2023,43048200,EMEF PORTO NOVO,Municipal,90.6,92.04945384341777,1.4494538434177713
2023,43104932,COLEGIO DE APLICACAO UFRGS,Federal,95.9,92.89536705088838,3.004632949111624
2023,43105009,COLEGIO MILITAR DE PORTO ALEGRE,Federal,97.1,91.49301350895773,5.606986491042264
2023,43105246,EMEM EMILIO MEYER,Municipal,84.9,88.81143530467484,3.911435304674839
2023,43105386,INST ESTADUAL PROFESSORA GEMA ANGELINA BELIA,Estadual,79.9,90.02914929615565,10.129149296155646
2023,43105394,ESC EST ENS FUN NACOES UNIDAS,Estadual,76.6,90.68602618826567,14.086026188265677
2023,43105440,EMEF AFONSO GUERREIRO LIMA,Municipal,92.0,90.32045212381412,1.6795478761858789
2023,43105459,EMEF AMERICA,Municipal,88.3,89.74485956604227,1.4448595660422683
2023,43105467,EMEF ARAMY SILVA,Municipal,93.8,91.09559215818805,2.7044078418119426
2023,43105475,EMEF DECIO MARTINS COSTA,Municipal,92.1,89.45546632813351,2.6445336718664834
2023,43105483,EMEF DOLORES ALCARAZ CALDAS,Municipal,87.4,87.62700074411984,0.2270007441198345
2023,43105491,EMEF JOSE LOUREIRO DA SILVA,Municipal,96.0,91.47792172559787,4.5220782744021335
2023,43105505,EMEB DR LIBERATO SALZANO VIEIRA DA CUNHA,Municipal,94.5,88.60801736881781,5.891982631182188
2023,43105513,EMEF NOSSA SENHORA DE FATIMA,Municipal,88.1,91.86888215738686,3.7688821573868694
2023,43105521,EMEF PEPITA DE LEAO,Municipal,95.7,89.39083536939837,6.309164630601629
2023,43105530,EMEF PRESIDENTE VARGAS,Municipal,92.2,90.73049145170201,1.4695085482979948
2023,43105548,EMEF HEITOR VILLA LOBOS,Municipal,88.2,88.22713663332577,0.027136633325767434
2023,43105564,ESC EST ENS FUN PROFESSORA LUIZA TEIXEIRA LAUFFER,Estadual,89.8,90.09937845861033,0.2993784586103345
2023,43105580,INST ESTADUAL DOM DIOGO DE SOUZA,Estadual,94.0,94.05218056003056,0.05218056003056404
2023,43105742,ESC EST ENS FUN PROFESSORA MARINA MARTINS DE SOUZA,Estadual,91.4,84.60231004964456,6.797689950355448
2023,43105750,ESC EST ENS FUN ACORIANOS,Estadual,97.4,92.36159308736043,5.038406912639573
2023,43105769,ESC EST ENS MED AGRONOMO PEDRO PEREIRA,Estadual,93.8,88.51064058405909,5.289359415940908
2023,43105785,ESC EST ENS MED ALBERTO TORRES,Estadual,94.3,90.64939147948984,3.6506085205101613
2023,43105793,ESC EST ENS FUN ALCEU WAMOSY,Estadual,91.9,89.12220932669631,2.7777906733036986
2023,43105807,ESC EST ED BAS ALMIRANTE BACELAR,Estadual,86.5,89.4856751270165,2.9856751270165063
2023,43105815,ESC EST ENS MED ALMIRANTE BARROSO,Estadual,99.7,92.2421648534908,7.457835146509197
2023,43105823,ESC EST ENS FUN ALVARENGA PEIXOTO,Estadual,98.8,85.68516290010255,13.114837099897443
2023,43105831,ESC EST ENS FUN AMERICA,Estadual,88.3,89.63961829946442,1.3396182994644192
2023,43105840,ESC EST ENS FUN ANA NERI,Estadual,91.1,90.23309082854654,0.8669091714534574
2023,43105858,ESC EST ENS MED ANNE FRANK,Estadual,99.0,87.13880521749806,11.86119478250194
2023,43105866,ESC EST ENS MED ANTAO DE FARIA,Estadual,81.0,83.87769843073949,2.8776984307394855
2023,43105874,ESC EST ED BAS APELES PORTO ALEGRE,Estadual,90.1,92.33757615835233,2.23757615835234
2023,43105882,ESC EST ENS FUN ARAGUAIA,Estadual,85.4,86.41504690875185,1.0150469087518417
2023,43105890,ESC EST ENS FUN ARAUJO PORTO ALEGRE,Estadual,87.8,85.39729664460158,2.4027033553984154
2023,43105904,ESC EST ENS FUN ARAUJO VIANA,Estadual,77.0,85.26866243519495,8.268662435194955
2023,43105920,ESC EST ENS FUN BAEPENDI,Estadual,80.4,88.28497570985361,7.884975709853606
2023,43105939,ESC EST ENS FUN BAHIA,Estadual,88.4,92.1118288345273,3.711828834527296
2023,43105947,ESC EST ENS FUN PADRE BALDUINO RAMBO,Estadual,97.5,89.33789954471496,8.162100455285042
2023,43105963,ESC EST ENS FUN MARGARIDA COELHO DE SOUZA,Estadual,82.7,88.5813550137658,5.881355013765798
2023,43105971,ESC EST ENS FUN PROFESSORA BRANCA DIVA PEREIRA DE SOUZA,Estadual,88.6,88.69901884670989,0.09901884670989602
2023,43105980,ESC EST ENS FUN BRASILIA,Estadual,100.0,89.41329310264192,10.586706897358084
2023,43105998,ESC EST ENS FUN BRIGADEIRO FRANCISCO DE LIMA E SILVA,Estadual,92.3,91.68358798726808,0.6164120127319137
2023,43106005,ESC EST ENS FUN BRIGADEIRO SILVA PAES,Estadual,95.2,85.20690080286248,9.993099197137525
2023,43106013,ESC EST ENS FUN CAMILA FURTADO ALVES,Estadual,81.0,82.88634276389263,1.8863427638926282
2023,43106021,ESC EST ENS FUN CANDIDO PORTINARI,Estadual,90.5,88.33096753314506,2.1690324668549437
2023,43106030,ESC EST ENS FUN DR CARLOS BARBOSA GONCALVES,Estadual,77.0,84.51426890900599,7.514268909005992
2023,43106048,COL ESTADUAL CARLOS FAGUNDES DE MELLO,Estadual,82.4,89.11029578837442,6.71029578837441
2023,43106056,ESC EST ENS MED CEARA,Estadual,94.2,88.70335368909154,5.49664631090846
2023,43106072,ESC EST ENS FUN PRUDENTE DE MORAIS,Estadual,90.5,88.23335980280538,2.2666401971946186
2023,43106080,ESC EST ENS FUN CLOTILDE CACHAPUZ DE MEDEIROS,Estadual,93.9,89.54309717379344,4.356902826206564
2023,43106099,ESC EST ENS FUN COELHO NETO,Estadual,82.6,88.69709683634987,6.097096836349877
2023,43106102,ESC EST ENS FUN CORONEL TITO MARQUES FERNANDES,Estadual,98.4,90.47292425642293,7.927075743577078
2023,43106110,ESC EST ENS FUN GENERAL NETO,Estadual,95.2,88.24205543718227,6.95794456281773
2023,43106129,ESC EST ENS FUN CUSTODIO DE MELLO,Estadual,87.8,88.9525243526418,1.1525243526418052
2023,43106137,ESC EST ENS FUN DOM PEDRO I,Estadual,76.7,84.96125964210508,8.261259642105074
2023,43106145,ESC EST ENS FUN ALMIRANTE ALVARO ALBERTO DA MOTTA E SILVA,Estadual,81.0,88.01004750854229,7.010047508542286
2023,43106153,ESC EST ENS FUN DESIDERIO TORQUATO FINAMOR,Estadual,75.6,86.49035450571637,10.890354505716374
2023,43106161,ESC EST ED BAS DOLORES ALCARAZ CALDAS,Estadual,97.8,91.34740236579319,6.4525976342068105
2023,43106170,ESC EST ENS FUN IMPERATRIZ LEOPOLDINA,Estadual,86.1,90.73727235010966,4.637272350109669
2023,43106188,ESC EST ENS FUN DONA LUIZA FREITAS VALE ARANHA,Estadual,84.6,86.73121245058283,2.1312124505828365
2023,43106196,ESC EST ENS MED RAFAELA REMIAO,Estadual,95.0,91.76147292390029,3.2385270760997145
2023,43106200,ESC EST ENS FUN DR EMILIO KEMP,Estadual,78.5,87.70587673063802,9.205876730638025
2023,43106218,ESC EST ENS FUN DR FERREIRA DE ABREU,Estadual,76.2,91.53667644662966,15.336676446629653
2023,43106242,ESC EST ENS FUN DR JOSE LOUREIRO DA SILVA,Estadual,92.9,90.13387395784666,2.7661260421533456
2023,43106250,ESC EST ENS FUN DR MARTINS COSTA JUNIOR,Estadual,80.1,87.11769420805273,7.017694208052731
2023,43106277,ESC EST ENS MED DR OSCAR TOLLENS,Estadual,88.3,91.0729172916007,2.772917291600706
2023,43106293,ESC EST ENS FUN DR PACHECO PRATES,Estadual,89.4,87.26448350884375,2.1355164911562525
2023,43106307,ESC EST ENS FUN DR VICTOR DE BRITTO,Estadual,98.7,88.9838665767137,9.716133423286308
2023,43106315,ESC EST ENS FUN DUQUE DE CAXIAS,Estadual,88.6,89.3924067056051,0.792406705605103
2023,43106323,ESC EST ENS FUN ENG RODOLFO AHRONS,Estadual,87.4,89.18875253540607,1.7887525354060614
2023,43106331,ESC EST ENS FUN ESPIRITO SANTO,Estadual,82.6,86.09297651605812,3.492976516058121
2023,43106358,ESC EST ENS FUN EUCLIDES DA CUNHA,Estadual,100.0,91.05427151475158,8.945728485248424
2023,43106366,ESC EST ENS FUN EVA CARMINATTI,Estadual,84.2,86.53850043997397,2.33850043997397
2023,43106374,ESC EST ENS FUN EVARISTA FLORES DA CUNHA,Estadual,94.8,83.83762365769762,10.962376342302377
2023,43106382,ESC EST ENS FUN EVARISTO GONCALVES NETTO,Estadual,89.9,92.86484489269651,2.9648448926965045
2023,43106390,ESC EST ENS FUN FABIOLA PINTO DORNELLES,Estadual,95.8,89.06580131518186,6.734198684818139
2023,43106412,ESC EST ENS FUN FERNANDO FERRARI,Estadual,82.1,90.47181678156078,8.371816781560781
2023,43106420,ESC EST ED BAS FERNANDO GOMES,Estadual,93.7,88.20667588996832,5.493324110031679
2023,43106439,ESC EST ENS MED OSCAR COELHO DE SOUZA,Estadual,84.2,90.49025454242908,6.290254542429082
2023,43106447,ESC EST ENS FUN GABRIELA MISTRAL,Estadual,92.3,93.38986225609102,1.089862256091024
2023,43106455,ESC EST ENS FUN GEN IBA ILHA MOREIRA,Estadual,88.9,86.7686893255456,2.1313106744544115
2023,43106463,ESC EST ENS FUN GENERAL DALTRO FILHO,Estadual,91.1,89.91959599004858,1.1804040099514168
2023,43106480,ESC EST ENS MED PROFESSOR OSCAR PEREIRA,Estadual,77.8,90.99271754897637,13.192717548976375
2023,43106498,ESC EST ED BAS GOMES CARNEIRO,Estadual,93.3,90.42656279439564,2.873437205604361
2023,43106501,ESC EST ENS FUN GONCALVES DIAS,Estadual,82.3,92.9997848447923,10.699784844792305
2023,43106528,ESC EST ENS FUN DR GUSTAVO ARMBRUST,Estadual,91.9,93.06083902206076,1.160839022060756
2023,43106536,ESC EST ENS FUN HEITOR VILLA LOBOS,Estadual,92.7,91.94538403711361,0.7546159628863904
2023,43106544,ESC EST ENS FUN HENRIQUE FARJAT,Estadual,99.6,91.76363641673716,7.8363635832628376
2023,43106552,ESC EST ENS FUN HUMAITA,Estadual,86.5,86.3872554729975,0.11274452700250492
2023,43106560,ESC EST ENS FUN ILDEFONSO GOMES,Estadual,76.5,92.25906079746674,15.759060797466745
2023,43106587,ESC EST ENS MED ITALIA,Estadual,98.6,92.40891130262692,6.191088697373075
2023,43106595,COL ESTADUAL JAPAO,Estadual,100.0,93.23233510571367,6.767664894286327
2023,43106609,ESC EST ENS FUN ERICO VERISSIMO,Estadual,95.1,85.6619507315243,9.438049268475694
2023,43106617,ESC EST ENS FUN JERONIMO DE ALBUQUERQUE,Estadual,75.2,88.1661801150656,12.966180115065598
2023,43106625,ESC EST ENS FUN JERONIMO DE ORNELAS,Estadual,86.1,84.31184401407542,1.7881559859245755
2023,43106641,ESC EST ENS FUN PROF EDGAR LUIZ SCHNEIDER,Estadual,99.0,90.70787908740212,8.29212091259788
2023,43106650,ESC EST ENS FUN DR HEROPHILO CARVALHO DE AZAMBUJA,Estadual,99.1,93.90021148908951,5.19978851091048
2023,43106668,ESC EST ENS FUN PROFESSORA LEOPOLDA BARNEWITZ,Estadual,95.5,86.97318650875782,8.52681349124218
2023,43106676,ESC EST ENS FUN PROFESSOR LEOPOLDO TIETBOHL,Estadual,94.5,86.42235526847506,8.077644731524941
2023,43106684,ESC EST ENS FUN LUCIANA DE ABREU,Estadual,97.1,92.4670341828126,4.632965817187397
2023,43106692,ESC EST ENS FUN LUIZ GAMA,Estadual,96.7,87.11192998240593,9.588070017594077
2023,43106706,ESC EST ENS FUN MACHADO DE ASSIS,Estadual,84.3,85.48211796718687,1.1821179671868691
2023,43106714,ESC EST ENS FUN MADRE MARIA SELIMA,Estadual,82.7,91.48688633446842,8.78688633446842
2023,43106722,ESC EST ENS FUN MAJOR MIGUEL JOSE PEREIRA,Estadual,94.6,91.9159049151658,2.6840950848341976
2023,43106757,ESC EST ENS FUN MARIA JOSE MABILDE,Estadual,99.2,88.67100283916032,10.52899716083968
2023,43106765,ESC EST ENS MED MARIZ E BARROS,Estadual,90.8,90.58664208783786,0.21335791216213806
2023,43106773,ESC EST ENS FUN MATIAS DE ALBUQUERQUE,Estadual,99.5,93.75723436413759,5.742765635862412
2023,43106781,ESC EST ENS FUN MEDIANEIRA,Estadual,97.7,90.52197079305986,7.178029206940138
2023,43106790,ESC EST ED BAS MONSENHOR LEOPOLDO HOFF,Estadual,86.5,93.22565767343194,6.7256576734319395
2023,43106803,ESC EST ENS FUN MONSENHOR ROBERTO LANDELL DE MOURA,Estadual,95.2,85.3474420760462,9.852557923953796
2023,43106811,ESC EST ENS FUN MONTE LIBANO,Estadual,88.2,88.69590818750503,0.4959081875050231
2023,43106820,ESC EST ENS FUN NOSSA SENHORA DA CONCEICAO,Estadual,70.2,86.45626244834628,16.256262448346277
2023,43106838,ESC EST ENS FUN PROFESSORA MARIA THEREZA DA SILVEIRA,Estadual,95.8,80.63442441507728,15.16557558492272
2023,43106846,ESC EST ENS FUN NEHYTA MARTINS RAMOS,Estadual,72.0,89.7317861318159,17.731786131815895
2023,43106854,ESC EST ENS FUN PROFESSORA AURORA PEIXOTO DE AZEVEDO,Estadual,79.1,85.58459499538066,6.484594995380661
2023,43106862,ESC EST ENS FUN OLEGARIO MARIANO,Estadual,91.0,92.64958530733738,1.6495853073373752
2023,43106870,ESC EST ENS FUN OSCAR SCHMITT,Estadual,99.5,85.6035583528125,13.896441647187501
2023,43106889,ESC EST ENS FUN OSORIO DUQUE ESTRADA,Estadual,80.3,88.51905612370625,8.219056123706252
2023,43106897,ESC EST ENS FUN OTAVIO MANGABEIRA,Estadual,93.2,92.27776321075912,0.922236789240884
2023,43106900,ESC EST ENS FUN OTHELO ROSA,Estadual,100.0,86.84655161511876,13.153448384881244
2023,43106919,ESC EST ENS FUN PADRE LEO,Estadual,82.7,86.95111799714724,4.251117997147233
2023,43106927,ESC EST ENS FUN MARIA CRISTINA CHIKA,Estadual,90.4,84.05056666237819,6.349433337621818
2023,43106935,ESC EST ENS FUN PARAIBA CIEP,Estadual,92.9,89.43992829117609,3.460071708823918
2023,43106943,COL ESTADUAL PARANA,Estadual,85.6,88.81735978650526,3.21735978650527
2023,43106951,ESC EST ENS FUN VICENTE DA FONTOURA,Estadual,91.7,88.67798809934338,3.022011900656622
2023,43106960,ESC EST ENS FUN PAULINA MORESCO,Estadual,86.7,85.9793996045011,0.7206003954989058
2023,43106986,ESC EST ENS FUN PEDRO AMERICO,Estadual,78.5,85.70330361090657,7.203303610906573
2023,43106994,ESC EST ENS FUN PEDRO SIRANGELO,Estadual,95.6,86.50462987958619,9.095370120413804
2023,43107001,ESC EST ENS FUN PIAUI,Estadual,97.9,86.0665719122586,11.83342808774141
2023,43107036,ESC EST ENS FUN PORTO ALEGRE,Estadual,75.7,84.86030750379923,9.160307503799231
2023,43107044,ESC EST ENS FUN SIMOES LOPES NETO,Estadual,97.1,92.12948936918787,4.970510630812129
2023,43107052,ESC EST ENS FUN GENOVEVA DA COSTA BERNARDES,Estadual,81.3,84.55842984591092,3.258429845910925
2023,43107060,ESC EST ENS FUN PROFESSOR AFONSO GUERREIRO LIMA,Estadual,69.5,84.21604323673725,14.71604323673725
2023,43107079,ESC EST ENS MED PROFESSOR ALCIDES CUNHA,Estadual,91.4,90.95107162299185,0.44892837700815846
2023,43107087,ESC EST ENS FUN AURELIO REIS,Estadual,93.6,93.29141880576948,0.3085811942305128
2023,43107095,ESC EST ENS FUN PROF CARLOS RODRIGUES DA SILVA,Estadual,96.8,88.4939667125041,8.306033287495893
2023,43107117,ESC EST ENS FUN PROFESSOR IVO CORSEUIL,Estadual,86.4,89.94760076187174,3.5476007618717347
2023,43107125,ESC EST ENS MED PROFESSOR SARMENTO LEITE,Estadual,93.1,91.04988030482808,2.050119695171915
2023,43107133,ESC EST ENS FUN PROFESSORA VIOLETA MAGALHAES,Estadual,79.3,85.17731429847271,5.877314298472712
2023,43107141,ESC EST ENS FUN PROFESSORES LANGENDONCK,Estadual,95.5,86.99609033830443,8.503909661695573
2023,43107150,ESC EST ENS FUN RAFAEL PINTO BANDEIRA,Estadual,79.9,90.37046996998716,10.47046996998715
2023,43107168,ESC EST ENS FUN RIO DE JANEIRO,Estadual,90.2,87.96904570979578,2.230954290204224
2023,43107192,ESC EST ENS FUN WILLIAM RICHARD SCHISLER,Estadual,99.5,91.9098163784747,7.5901836215252985
2023,43107206,ESC EST ENS FUN SANTA RITA DE CASSIA,Estadual,82.9,84.78331800430765,1.8833180043076396
2023,43107214,ESC EST ENS MED SANTA ROSA,Estadual,95.0,91.30105813136906,3.698941868630939
2023,43107222,ESC EST ENS FUN SAO CAETANO,Estadual,82.4,87.80356061878473,5.403560618784724
2023,43107230,ESC EST ENS FUN SOLIMOES,Estadual,97.3,87.80225268669544,9.497747313304558
2023,43107257,ESC EST ENS FUN TENENTE CORONEL TRAVASSOS ALVES,Estadual,84.4,89.25563755650309,4.855637556503083
2023,43107265,ESC EST ENS FUN URUGUAI,Estadual,97.9,92.40792942532336,5.492070574676646
2023,43107273,ESC EST ENS FUN VENEZUELA,Estadual,82.0,88.24775552672791,6.247755526727914
2023,43107281,ESC EST ENS FUN VERA CRUZ,Estadual,97.2,90.66813849951821,6.531861500481796
2023,43107290,ESC EST ENS FUN ALDO LOCATELLI,Estadual,93.2,84.2545415932685,8.945458406731504
2023,43107303,ESC EST ENS FUN DANILO ANTONIO ZAFFARI,Estadual,74.6,84.18663807463363,9.58663807463364
2023,43107311,ESC EST ENS FUN ITAMARATI,Estadual,94.6,91.63184754117096,2.9681524588290387
2023,43107320,ESC EST ENS MED JOSE DO PATROCINIO,Estadual,85.3,89.87128281789053,4.571282817890534
2023,43107338,ESC EST ENS FUN SANTA LUZIA,Estadual,84.7,88.69091954984337,3.990919549843369
2023,43107346,ESC EST ENS FUN VISCONDE DE PELOTAS,Estadual,97.3,80.47269435095606,16.827305649043936
2023,43107354,ESC EST ENS MED VISCONDE DO RIO GRANDE,Estadual,83.9,92.18223959150563,8.282239591505629
2023,43107478,ESC EST ENS FUN DECIO MARTINS COSTA,Estadual,89.4,88.29871962780568,1.1012803721943243
2023,43107486,ESC EST ENS FUN SAO FRANCISCO DE ASSIS,Estadual,84.0,87.5375800881739,3.537580088173897
2023,43107508,EMEF GOV ILDO MENEGHETTI,Municipal,88.8,87.1741902236669,1.6258097763330994
2023,43107583,INST EST EDUC GENERAL FLORES DA CUNHA,Estadual,91.2,90.5189309378928,0.6810690621071984
2023,43107826,ESC EST ENS FUN OSWALDO VERGARA,Estadual,89.5,89.42965299666942,0.07034700333058197
2023,43107842,EMEF SEN ALBERTO PASQUALINI,Municipal,83.9,87.58273190822982,3.682731908229812
2023,43107850,ESC EST ENS MED SENADOR PASQUALINI,Estadual,100.0,79.09513286773576,20.904867132264243
2023,43107885,ESC EST ENS FUN TRES DE OUTUBRO,Estadual,82.3,88.29362754367092,5.993627543670925
2023,43107923,ESC EST ENS FUN CORONEL APARICIO BORGES,Estadual,84.4,87.58492658807945,3.184926588079449
2023,43107931,ESC EST ENS FUN SOUZA LOBO,Estadual,97.5,92.0374224292696,5.462577570730403
2023,43107966,ESC EST ENS FUN PROFESSOR SYLVIO TORRES,Estadual,92.5,88.49177038502116,4.008229614978845
2023,43107982,C EST DE EN MED RAUL PILLA,Estadual,95.9,90.22364314523662,5.676356854763384
2023,43107990,ESC EST ENS MED REPUBLICA ARGENTINA,Estadual,86.6,87.81564241563711,1.2156424156371202
2023,43108016,COL ESTADUAL MARECHAL FLORIANO PEIXOTO,Estadual,82.9,89.30332646690886,6.403326466908851
2023,43108032,COL ESTADUAL PRESIDENTE ARTHUR DA COSTA E SILVA,Estadual,92.9,90.6510762161863,2.2489237838137086
2023,43108040,INST ESTADUAL RIO BRANCO,Estadual,92.8,90.96263985965797,1.837360140342028
2023,43108059,ESC EST ENS MED SANTOS DUMONT,Estadual,81.8,84.21491123074156,2.4149112307415663
2023,43108067,INST EST EDUC PAULO DA GAMA,Estadual,89.5,90.74020727226326,1.2402072722632624
2023,43108083,COL ESTADUAL ODILA GAY DA FONSECA,Estadual,91.2,89.24520972901976,1.95479027098024
2023,43108091,COL ESTADUAL DR GLICERIO ALVES,Estadual,90.6,91.31332709604824,0.7133270960482463
2023,43108113,COL ESTADUAL FLORINDA TUBINO SAMPAIO,Estadual,97.1,94.39238235972586,2.7076176402741368
2023,43108172,ESC EST ENS FUN PROFESSOR OLINTHO DE OLIVEIRA,Estadual,98.9,92.36032930061302,6.539670699386988
2023,43108180,COL ESTADUAL RUBEN BERTA,Estadual,88.9,92.53682570842555,3.6368257084255475
2023,43108202,COL ESTADUAL FRANCISCO A VIEIRA CALDAS JR,Estadual,99.0,88.19045967605074,10.809540323949264
2023,43108210,ESC EST ENS FUN LEA ROSA CECHINI BRUM,Estadual,91.7,87.20471001454794,4.495289985452061
2023,43108229,ESC EST ENS FUN CIDADE JARDIM,Estadual,98.9,86.76248842551678,12.137511574483227
2023,43108237,COL ESTADUAL PAULA SOARES,Estadual,92.8,92.22257675063452,0.5774232493654807
2023,43108245,ESC EST ENS FUN LIONS CLUB POA FARRAPOS,Estadual,87.0,87.17922374828723,0.1792237482872281
2023,43108300,ESC EST ENS FUN HELENA LITWIN SCHNEIDER,Estadual,86.6,89.45135961387803,2.8513596138780315
2023,43108318,ESC EST ENS MED BALTAZAR DE OLIVEIRA GARCIA,Estadual,86.1,87.91401573817811,1.8140157381781137
2023,43108326,ESC EST ENS FUN LIDIA MOSCHETTI,Estadual,90.3,90.203912298123,0.09608770187699633
2023,43108334,ESC EST ENS FUN TOYAMA,Estadual,95.3,89.62643597352908,5.673564026470913
2023,43108342,ESC EST ENS FUN MINISTRO POTY MEDEIROS,Estadual,94.0,90.24169563145632,3.7583043685436763
2023,43108350,ESC EST ENS FUN PONCHO VERDE,Estadual,91.6,86.48441706891906,5.115582931080937
2023,43108385,ESC EST ENS FUN PROFESSORA MARIETA DA CUNHA SILVA,Estadual,93.9,93.09403426724602,0.8059657327539895
2023,43108474,ESC EST ENS FUN VINTE DE SETEMBRO,Estadual,91.6,90.43360555148647,1.166394448513529
2023,43108482,COL ESTADUAL PROFESSOR OTAVIO DE SOUZA,Estadual,82.7,93.32900384354737,10.629003843547366
2023,43108490,ESC EST ENS FUN BENTO GONCALVES,Estadual,99.0,92.1869091062876,6.813090893712399
2023,43108547,ESC EST ENS FUN DAVID CANABARRO,Estadual,77.8,90.97805546459442,13.178055464594422
2023,43108563,EMEF PRES JOAO BELCHIOR MARQUES GOULART,Municipal,90.3,90.81986336421623,0.5198633642162349
2023,43108571,EMEF GRANDE ORIENTE DO RGS,Municipal,89.2,91.17482210712167,1.9748221071216676
2023,43108709,COL ESTADUAL ELPIDIO FERREIRA PAES,Estadual,88.7,91.43238198241565,2.732381982415646
2023,43108717,COL ESTADUAL CONEGO PAULO DE NADAL,Estadual,95.3,92.31037248838781,2.989627511612184
2023,43108725,ESC EST ENS FUN ONOFRE PIRES,Estadual,90.5,84.23214222880212,6.267857771197882
2023,43108733,COL ESTADUAL CORONEL AFONSO EMILIO MASSOT,Estadual,84.5,91.49964992491745,6.999649924917449
2023,43108750,ESC EST ENS MED OTAVIO ROCHA,Estadual,82.6,93.36626478866215,10.766264788662156
2023,43108768,ESC EST ED BAS PRESIDENTE ROOSEVELT,Estadual,88.8,91.00582750788904,2.2058275078890404
2023,43108784,ESC EST ENS FUN PAUL HARRIS,Estadual,88.7,90.7557411075395,2.055741107539504
2023,43108792,ESC EST ENS FUN PROFESSORA THEREZA NORONHA CARVALHO,Estadual,89.7,86.47798409543823,3.222015904561772
2023,43108806,ESC EST ENS FUN TANCREDO NEVES,Estadual,89.8,88.28274061632634,1.517259383673661
2023,43108830,ESC EST ENS FUN ANITA GARIBALDI,Estadual,91.8,92.37938315663277,0.5793831566327725
2023,43108911,COL ESTADUAL ENG ILDO MENEGHETTI,Estadual,85.4,88.48506209535695,3.085062095356946
2023,43108954,ESC EST ENS FUN LUIZ DE AZAMBUJA SOARES,Estadual,77.6,86.99944234117218,9.39944234117219
2023,43108970,ESC EST ENS FUN MAURICIO SIROTSKY SOBRINHO,Estadual,90.0,85.01354034639782,4.986459653602182
2023,43109055,EMEF PROF JUDITH MACEDO DE ARAUJO,Municipal,90.1,91.10953483977063,1.0095348397706374
2023,43109063,EMEF LEOCADIA FELIZARDO PRESTES,Municipal,87.7,90.81960857239233,3.1196085723923233
2023,43109071,EMEF PROF GILBERTO JORGE GONCALVES DA SILVA,Municipal,93.6,91.88400488451785,1.7159951154821442
2023,43109080,EMEF VER CARLOS PESSOA DE BRUM,Municipal,91.0,88.7010032140198,2.2989967859801936
2023,43109098,EMEF PROF LARRY JOSE RIBEIRO ALVES,Municipal,84.8,90.67432525674836,5.874325256748364
2023,43109101,EMEF VER MARTIM ARANHA,Municipal,91.8,90.48237507304454,1.3176249269554603
2023,43109110,ESC EST ENS FUN VILA CRUZEIRO DO SUL,Estadual,87.0,78.94024024006859,8.05975975993141
2023,43109128,EMEF DEP MARCIRIO GOULART LOUREIRO,Municipal,94.0,90.34895900659657,3.651040993403427
2023,43109144,EMEF LIDOVINO FANTON,Municipal,86.6,87.75714458605964,1.157144586059644
2023,43109179,ESC EST ENS FUN JOSE GARIBALDI,Estadual,98.0,85.41686503753516,12.58313496246484
2023,43109195,EMEF PROF ANA IRIS DO AMARAL,Municipal,95.2,91.31652073775041,3.883479262249594
2023,43109209,EMEF LAURO RODRIGUES,Municipal,93.0,91.46969465618314,1.5303053438168632
2023,43109217,EMEF JOAO ANTONIO SATTE,Municipal,90.7,91.04705714248918,0.3470571424891773
2023,43109225,EMEF DEP VICTOR ISSLER,Municipal,90.5,87.9123660702946,2.5876339297054045
2023,43109233,EMEF GABRIEL OBINO,Municipal,91.0,90.11486620909432,0.8851337909056838
2023,43109241,ESC EST ENS FUN NA VILA JARDIM RENASCENCA,Estadual,100.0,92.18402663909609,7.815973360903911
2023,43109250,ESC EST ENS FUN JARDIM VILA NOVA,Estadual,77.5,86.93939392307315,9.439393923073155
2023,43109268,ESC EST ENS FUN MINISTRO SALGADO FILHO,Estadual,82.6,90.90788338244808,8.307883382448082
2023,43167179,EMEF SAINT HILAIRE,Municipal,93.9,89.21307101624352,4.686928983756488
2023,43167535,EMEF SAO PEDRO,Municipal,88.8,89.10731374911988,0.30731374911988496
2023,43169490,EMEF JOSE MARIANO BECK,Municipal,92.8,90.11973933999931,2.680260660000684
2023,43171290,ESC EST ENS FUN JULIO BRUNELLI,Estadual,84.2,87.29875219327342,3.0987521932734126
2023,43172474,EMEF JEAN PIAGET,Municipal,97.7,91.15413508796173,6.545864912038269
2023,43172482,EMEF VER ANTONIO GIUDICE,Municipal,87.4,90.61015253969845,3.2101525396984414
2023,43172490,EMEF PROF ANISIO TEIXEIRA,Municipal,93.3,88.05021859419406,5.249781405805933
2023,43173195,ESC EST ENS FUN MANE GARRINCHA CIEP ESPORTIVO,Estadual,91.0,92.27900033466102,1.2790003346610206
2023,43173306,ESC EST ENS MED CRISTOVAO COLOMBO,Estadual,96.2,91.5691149872578,4.630885012742198
2023,43173713,EMEF CAMPOS DO CRISTAL,Municipal,94.8,91.53398486948427,3.2660151305157257
2023,43173721,EMEF WENCESLAU FONTOURA,Municipal,94.7,91.91330519967447,2.7866948003255345
2023,43175120,EMEF VILA MONTE CRISTO,Municipal,96.4,89.24903824492472,7.150961755075286
2023,43177018,EMEF MIGRANTES,Municipal,85.4,87.66930775599421,2.2693077559942054
2023,43177034,EMEF MORRO DA CRUZ,Municipal,93.0,89.41859313951248,3.581406860487519
2023,43177042,EMEF NEUSA GOULART BRIZOLA,Municipal,93.6,91.62294438772993,1.977055612270064
2023,43177581,EMEF CHICO MENDES,Municipal,86.7,87.14876425170876,0.4487642517087522
2023,43180728,ESC EST ENS MED TOM JOBIM,Estadual,100.0,79.61089069231856,20.389109307681437
2023,43183018,EMEF MARIO QUINTANA,Municipal,93.6,91.9032830860954,1.696716913904595
2023,43187560,EMEF CHAPEU DO SOL,Municipal,89.2,88.6078808279099,0.5921191720901078
2023,43189253,EMEF TIMBAUVA,Municipal,90.3,90.0396666530433,0.2603333469566991
2023,43204643,EMEF NOSSA SENHORA DO CARMO,Municipal,89.0,90.6036793116056,1.6036793116056032
2023,43208410,ESC EST IND EM ANHETENGUA,Estadual,62.0,77.03080911139949,15.030809111399492
2023,43208428,E E IND ENS FUN FAG NHIN,Estadual,80.6,79.91996410085446,0.6800358991455369
2023,43241000,EMEF DE SURDOS BILINGUE SALOMAO WATNICK,Municipal,72.7,77.67050449950811,4.97050449950811
2023,43293050,EMEF RINCAO,Municipal,91.6,91.08021546287577,0.5197845371242238
2023,43293069,EMEF MORADAS DA HIPICA,Municipal,95.3,89.26231027668936,6.037689723310635
